direction,train_cycle,chronological_age_years,term_score_log_odds,training_bin_unweighted_n,display_eligible
train_2015_2016_test_2017_2018,2015_2016,20.0,-1.313201801451922,95,True
train_2015_2016_test_2017_2018,2015_2016,20.5,-1.313201801451922,95,True
train_2015_2016_test_2017_2018,2015_2016,21.0,-1.313201801451922,95,True
train_2015_2016_test_2017_2018,2015_2016,21.5,-1.313201801451922,95,True
train_2015_2016_test_2017_2018,2015_2016,22.0,-1.313201801451922,95,True
train_2015_2016_test_2017_2018,2015_2016,22.5,-1.2916257984337214,105,True
train_2015_2016_test_2017_2018,2015_2016,23.0,-1.2916257984337214,105,True
train_2015_2016_test_2017_2018,2015_2016,23.5,-1.2916257984337214,105,True
train_2015_2016_test_2017_2018,2015_2016,24.0,-1.2916257984337214,105,True
train_2015_2016_test_2017_2018,2015_2016,24.5,-1.2916257984337214,105,True
train_2015_2016_test_2017_2018,2015_2016,25.0,-1.2916257984337214,105,True
train_2015_2016_test_2017_2018,2015_2016,25.5,-1.256859300094033,74,True
train_2015_2016_test_2017_2018,2015_2016,26.0,-1.256859300094033,74,True
train_2015_2016_test_2017_2018,2015_2016,26.5,-1.256859300094033,74,True
train_2015_2016_test_2017_2018,2015_2016,27.0,-1.256859300094033,74,True
train_2015_2016_test_2017_2018,2015_2016,27.5,-1.2253003510461336,101,True
train_2015_2016_test_2017_2018,2015_2016,28.0,-1.2253003510461336,101,True
train_2015_2016_test_2017_2018,2015_2016,28.5,-1.2253003510461336,101,True
train_2015_2016_test_2017_2018,2015_2016,29.0,-1.2253003510461336,101,True
train_2015_2016_test_2017_2018,2015_2016,29.5,-1.2253003510461336,101,True
train_2015_2016_test_2017_2018,2015_2016,30.0,-1.2253003510461336,101,True
train_2015_2016_test_2017_2018,2015_2016,30.5,-1.189070885312139,96,True
train_2015_2016_test_2017_2018,2015_2016,31.0,-1.189070885312139,96,True
train_2015_2016_test_2017_2018,2015_2016,31.5,-1.189070885312139,96,True
train_2015_2016_test_2017_2018,2015_2016,32.0,-1.189070885312139,96,True
train_2015_2016_test_2017_2018,2015_2016,32.5,-1.189070885312139,96,True
train_2015_2016_test_2017_2018,2015_2016,33.0,-1.189070885312139,96,True
train_2015_2016_test_2017_2018,2015_2016,33.5,-0.6113208401257213,86,True
train_2015_2016_test_2017_2018,2015_2016,34.0,-0.6113208401257213,86,True
train_2015_2016_test_2017_2018,2015_2016,34.5,-0.6113208401257213,86,True
train_2015_2016_test_2017_2018,2015_2016,35.0,-0.6113208401257213,86,True
train_2015_2016_test_2017_2018,2015_2016,35.5,-0.5735738540061752,74,True
train_2015_2016_test_2017_2018,2015_2016,36.0,-0.5735738540061752,74,True
train_2015_2016_test_2017_2018,2015_2016,36.5,-0.5735738540061752,74,True
train_2015_2016_test_2017_2018,2015_2016,37.0,-0.5735738540061752,74,True
train_2015_2016_test_2017_2018,2015_2016,37.5,-0.5499683759288704,64,True
train_2015_2016_test_2017_2018,2015_2016,38.0,-0.5499683759288704,64,True
train_2015_2016_test_2017_2018,2015_2016,38.5,-0.5499683759288704,64,True
train_2015_2016_test_2017_2018,2015_2016,39.0,-0.5499683759288704,64,True
train_2015_2016_test_2017_2018,2015_2016,39.5,-0.5070355885318473,81,True
train_2015_2016_test_2017_2018,2015_2016,40.0,-0.5070355885318473,81,True
train_2015_2016_test_2017_2018,2015_2016,40.5,-0.5070355885318473,81,True
train_2015_2016_test_2017_2018,2015_2016,41.0,-0.5070355885318473,81,True
train_2015_2016_test_2017_2018,2015_2016,41.5,-0.46718794061333746,68,True
train_2015_2016_test_2017_2018,2015_2016,42.0,-0.46718794061333746,68,True
train_2015_2016_test_2017_2018,2015_2016,42.5,-0.46718794061333746,68,True
train_2015_2016_test_2017_2018,2015_2016,43.0,-0.46718794061333746,68,True
train_2015_2016_test_2017_2018,2015_2016,43.5,-0.4208736425336572,68,True
train_2015_2016_test_2017_2018,2015_2016,44.0,-0.4208736425336572,68,True
train_2015_2016_test_2017_2018,2015_2016,44.5,-0.4208736425336572,68,True
train_2015_2016_test_2017_2018,2015_2016,45.0,-0.4208736425336572,68,True
train_2015_2016_test_2017_2018,2015_2016,45.5,0.049988103606175824,83,True
train_2015_2016_test_2017_2018,2015_2016,46.0,0.049988103606175824,83,True
train_2015_2016_test_2017_2018,2015_2016,46.5,0.049988103606175824,83,True
train_2015_2016_test_2017_2018,2015_2016,47.0,0.049988103606175824,83,True
train_2015_2016_test_2017_2018,2015_2016,47.5,0.08597848051198594,63,True
train_2015_2016_test_2017_2018,2015_2016,48.0,0.08597848051198594,63,True
train_2015_2016_test_2017_2018,2015_2016,48.5,0.08597848051198594,63,True
train_2015_2016_test_2017_2018,2015_2016,49.0,0.08597848051198594,63,True
train_2015_2016_test_2017_2018,2015_2016,49.5,0.17910565945336643,75,True
train_2015_2016_test_2017_2018,2015_2016,50.0,0.17910565945336643,75,True
train_2015_2016_test_2017_2018,2015_2016,50.5,0.17910565945336643,75,True
train_2015_2016_test_2017_2018,2015_2016,51.0,0.17910565945336643,75,True
train_2015_2016_test_2017_2018,2015_2016,51.5,0.5054186254789965,58,True
train_2015_2016_test_2017_2018,2015_2016,52.0,0.5054186254789965,58,True
train_2015_2016_test_2017_2018,2015_2016,52.5,0.5054186254789965,58,True
train_2015_2016_test_2017_2018,2015_2016,53.0,0.5054186254789965,58,True
train_2015_2016_test_2017_2018,2015_2016,53.5,0.6123252802157547,47,True
train_2015_2016_test_2017_2018,2015_2016,54.0,0.6123252802157547,47,True
train_2015_2016_test_2017_2018,2015_2016,54.5,0.66729422543613,43,True
train_2015_2016_test_2017_2018,2015_2016,55.0,0.66729422543613,43,True
train_2015_2016_test_2017_2018,2015_2016,55.5,0.7075502285501581,30,True
train_2015_2016_test_2017_2018,2015_2016,56.0,0.7075502285501581,30,True
train_2015_2016_test_2017_2018,2015_2016,56.5,0.7353898599463956,34,True
train_2015_2016_test_2017_2018,2015_2016,57.0,0.7353898599463956,34,True
train_2015_2016_test_2017_2018,2015_2016,57.5,0.7702914767539605,36,True
train_2015_2016_test_2017_2018,2015_2016,58.0,0.7702914767539605,36,True
train_2015_2016_test_2017_2018,2015_2016,58.5,0.8159803046701383,50,True
train_2015_2016_test_2017_2018,2015_2016,59.0,0.8159803046701383,50,True
train_2015_2016_test_2017_2018,2015_2016,59.5,0.8823332115424146,94,True
train_2015_2016_test_2017_2018,2015_2016,60.0,0.8823332115424146,94,True
train_2015_2016_test_2017_2018,2015_2016,60.5,0.8823332115424146,94,True
train_2015_2016_test_2017_2018,2015_2016,61.0,0.8823332115424146,94,True
train_2015_2016_test_2017_2018,2015_2016,61.5,0.9353624548809576,78,True
train_2015_2016_test_2017_2018,2015_2016,62.0,0.9353624548809576,78,True
train_2015_2016_test_2017_2018,2015_2016,62.5,0.9353624548809576,78,True
train_2015_2016_test_2017_2018,2015_2016,63.0,0.9353624548809576,78,True
train_2015_2016_test_2017_2018,2015_2016,63.5,0.972828942502861,86,True
train_2015_2016_test_2017_2018,2015_2016,64.0,0.972828942502861,86,True
train_2015_2016_test_2017_2018,2015_2016,64.5,0.972828942502861,86,True
train_2015_2016_test_2017_2018,2015_2016,65.0,0.972828942502861,86,True
train_2015_2016_test_2017_2018,2015_2016,65.5,1.0095076521532305,82,True
train_2015_2016_test_2017_2018,2015_2016,66.0,1.0095076521532305,82,True
train_2015_2016_test_2017_2018,2015_2016,66.5,1.0095076521532305,82,True
train_2015_2016_test_2017_2018,2015_2016,67.0,1.0095076521532305,82,True
train_2015_2016_test_2017_2018,2015_2016,67.5,1.0638579925689675,63,True
train_2015_2016_test_2017_2018,2015_2016,68.0,1.0638579925689675,63,True
train_2015_2016_test_2017_2018,2015_2016,68.5,1.0638579925689675,63,True
train_2015_2016_test_2017_2018,2015_2016,69.0,1.0638579925689675,63,True
train_2015_2016_test_2017_2018,2015_2016,69.5,1.109314749447863,80,True
train_2015_2016_test_2017_2018,2015_2016,70.0,1.109314749447863,80,True
train_2015_2016_test_2017_2018,2015_2016,70.5,1.109314749447863,80,True
train_2015_2016_test_2017_2018,2015_2016,71.0,1.109314749447863,80,True
train_2015_2016_test_2017_2018,2015_2016,71.5,1.109314749447863,80,True
train_2015_2016_test_2017_2018,2015_2016,72.0,1.109314749447863,80,True
train_2015_2016_test_2017_2018,2015_2016,72.5,1.39402984335088,76,True
train_2015_2016_test_2017_2018,2015_2016,73.0,1.39402984335088,76,True
train_2015_2016_test_2017_2018,2015_2016,73.5,1.39402984335088,76,True
train_2015_2016_test_2017_2018,2015_2016,74.0,1.39402984335088,76,True
train_2015_2016_test_2017_2018,2015_2016,74.5,1.39402984335088,76,True
train_2015_2016_test_2017_2018,2015_2016,75.0,1.39402984335088,76,True
train_2015_2016_test_2017_2018,2015_2016,75.5,1.4535919138971756,70,True
train_2015_2016_test_2017_2018,2015_2016,76.0,1.4535919138971756,70,True
train_2015_2016_test_2017_2018,2015_2016,76.5,1.4535919138971756,70,True
train_2015_2016_test_2017_2018,2015_2016,77.0,1.4535919138971756,70,True
train_2015_2016_test_2017_2018,2015_2016,77.5,1.4535919138971756,70,True
train_2015_2016_test_2017_2018,2015_2016,78.0,1.4535919138971756,70,True
train_2015_2016_test_2017_2018,2015_2016,78.5,1.4535919138971756,70,True
train_2015_2016_test_2017_2018,2015_2016,79.0,1.4535919138971756,70,True
train_2015_2016_test_2017_2018,2015_2016,79.5,1.5862941467440705,121,True
train_2015_2016_test_2017_2018,2015_2016,80.0,1.5862941467440705,121,True
train_2017_2018_test_2015_2016,2017_2018,20.0,-2.0318670878647134,97,True
train_2017_2018_test_2015_2016,2017_2018,20.5,-2.0318670878647134,97,True
train_2017_2018_test_2015_2016,2017_2018,21.0,-2.0318670878647134,97,True
train_2017_2018_test_2015_2016,2017_2018,21.5,-2.0318670878647134,97,True
train_2017_2018_test_2015_2016,2017_2018,22.0,-2.0318670878647134,97,True
train_2017_2018_test_2015_2016,2017_2018,22.5,-1.7253412775290402,71,True
train_2017_2018_test_2015_2016,2017_2018,23.0,-1.7253412775290402,71,True
train_2017_2018_test_2015_2016,2017_2018,23.5,-1.7253412775290402,71,True
train_2017_2018_test_2015_2016,2017_2018,24.0,-1.7253412775290402,71,True
train_2017_2018_test_2015_2016,2017_2018,24.5,-1.3657456300841286,67,True
train_2017_2018_test_2015_2016,2017_2018,25.0,-1.3657456300841286,67,True
train_2017_2018_test_2015_2016,2017_2018,25.5,-1.3657456300841286,67,True
train_2017_2018_test_2015_2016,2017_2018,26.0,-1.3657456300841286,67,True
train_2017_2018_test_2015_2016,2017_2018,26.5,-1.3907077645263297,62,True
train_2017_2018_test_2015_2016,2017_2018,27.0,-1.3907077645263297,62,True
train_2017_2018_test_2015_2016,2017_2018,27.5,-1.3907077645263297,62,True
train_2017_2018_test_2015_2016,2017_2018,28.0,-1.3907077645263297,62,True
train_2017_2018_test_2015_2016,2017_2018,28.5,-0.9296758032976052,61,True
train_2017_2018_test_2015_2016,2017_2018,29.0,-0.9296758032976052,61,True
train_2017_2018_test_2015_2016,2017_2018,29.5,-0.9296758032976052,61,True
train_2017_2018_test_2015_2016,2017_2018,30.0,-0.9296758032976052,61,True
train_2017_2018_test_2015_2016,2017_2018,30.5,-0.8960638373742754,67,True
train_2017_2018_test_2015_2016,2017_2018,31.0,-0.8960638373742754,67,True
train_2017_2018_test_2015_2016,2017_2018,31.5,-0.8960638373742754,67,True
train_2017_2018_test_2015_2016,2017_2018,32.0,-0.8960638373742754,67,True
train_2017_2018_test_2015_2016,2017_2018,32.5,-0.8481686691194382,77,True
train_2017_2018_test_2015_2016,2017_2018,33.0,-0.8481686691194382,77,True
train_2017_2018_test_2015_2016,2017_2018,33.5,-0.8481686691194382,77,True
train_2017_2018_test_2015_2016,2017_2018,34.0,-0.8481686691194382,77,True
train_2017_2018_test_2015_2016,2017_2018,34.5,-0.8469364772832388,72,True
train_2017_2018_test_2015_2016,2017_2018,35.0,-0.8469364772832388,72,True
train_2017_2018_test_2015_2016,2017_2018,35.5,-0.8469364772832388,72,True
train_2017_2018_test_2015_2016,2017_2018,36.0,-0.8469364772832388,72,True
train_2017_2018_test_2015_2016,2017_2018,36.5,-0.6380344414262074,63,True
train_2017_2018_test_2015_2016,2017_2018,37.0,-0.6380344414262074,63,True
train_2017_2018_test_2015_2016,2017_2018,37.5,-0.6380344414262074,63,True
train_2017_2018_test_2015_2016,2017_2018,38.0,-0.6380344414262074,63,True
train_2017_2018_test_2015_2016,2017_2018,38.5,-0.440655019633367,58,True
train_2017_2018_test_2015_2016,2017_2018,39.0,-0.440655019633367,58,True
train_2017_2018_test_2015_2016,2017_2018,39.5,-0.440655019633367,58,True
train_2017_2018_test_2015_2016,2017_2018,40.0,-0.440655019633367,58,True
train_2017_2018_test_2015_2016,2017_2018,40.5,-0.3499333556785703,36,True
train_2017_2018_test_2015_2016,2017_2018,41.0,-0.3499333556785703,36,True
train_2017_2018_test_2015_2016,2017_2018,41.5,-0.30248290884618295,28,False
train_2017_2018_test_2015_2016,2017_2018,42.0,-0.30248290884618295,28,False
train_2017_2018_test_2015_2016,2017_2018,42.5,-0.1735581104242383,62,True
train_2017_2018_test_2015_2016,2017_2018,43.0,-0.1735581104242383,62,True
train_2017_2018_test_2015_2016,2017_2018,43.5,-0.1735581104242383,62,True
train_2017_2018_test_2015_2016,2017_2018,44.0,-0.1735581104242383,62,True
train_2017_2018_test_2015_2016,2017_2018,44.5,-0.11136165884288524,79,True
train_2017_2018_test_2015_2016,2017_2018,45.0,-0.11136165884288524,79,True
train_2017_2018_test_2015_2016,2017_2018,45.5,-0.11136165884288524,79,True
train_2017_2018_test_2015_2016,2017_2018,46.0,-0.11136165884288524,79,True
train_2017_2018_test_2015_2016,2017_2018,46.5,-0.06981654400825893,62,True
train_2017_2018_test_2015_2016,2017_2018,47.0,-0.06981654400825893,62,True
train_2017_2018_test_2015_2016,2017_2018,47.5,-0.06981654400825893,62,True
train_2017_2018_test_2015_2016,2017_2018,48.0,-0.06981654400825893,62,True
train_2017_2018_test_2015_2016,2017_2018,48.5,-0.0189845585282609,60,True
train_2017_2018_test_2015_2016,2017_2018,49.0,-0.0189845585282609,60,True
train_2017_2018_test_2015_2016,2017_2018,49.5,-0.0189845585282609,60,True
train_2017_2018_test_2015_2016,2017_2018,50.0,-0.0189845585282609,60,True
train_2017_2018_test_2015_2016,2017_2018,50.5,0.7412254057981524,69,True
train_2017_2018_test_2015_2016,2017_2018,51.0,0.7412254057981524,69,True
train_2017_2018_test_2015_2016,2017_2018,51.5,0.7412254057981524,69,True
train_2017_2018_test_2015_2016,2017_2018,52.0,0.7412254057981524,69,True
train_2017_2018_test_2015_2016,2017_2018,52.5,0.7878293534689798,84,True
train_2017_2018_test_2015_2016,2017_2018,53.0,0.7878293534689798,84,True
train_2017_2018_test_2015_2016,2017_2018,53.5,0.7878293534689798,84,True
train_2017_2018_test_2015_2016,2017_2018,54.0,0.7878293534689798,84,True
train_2017_2018_test_2015_2016,2017_2018,54.5,0.8229675157327488,81,True
train_2017_2018_test_2015_2016,2017_2018,55.0,0.8229675157327488,81,True
train_2017_2018_test_2015_2016,2017_2018,55.5,0.8229675157327488,81,True
train_2017_2018_test_2015_2016,2017_2018,56.0,0.8229675157327488,81,True
train_2017_2018_test_2015_2016,2017_2018,56.5,0.8607291269696307,70,True
train_2017_2018_test_2015_2016,2017_2018,57.0,0.8607291269696307,70,True
train_2017_2018_test_2015_2016,2017_2018,57.5,0.8607291269696307,70,True
train_2017_2018_test_2015_2016,2017_2018,58.0,0.8607291269696307,70,True
train_2017_2018_test_2015_2016,2017_2018,58.5,0.923062864705683,97,True
train_2017_2018_test_2015_2016,2017_2018,59.0,0.923062864705683,97,True
train_2017_2018_test_2015_2016,2017_2018,59.5,0.923062864705683,97,True
train_2017_2018_test_2015_2016,2017_2018,60.0,0.923062864705683,97,True
train_2017_2018_test_2015_2016,2017_2018,60.5,0.9585551046285103,107,True
train_2017_2018_test_2015_2016,2017_2018,61.0,0.9585551046285103,107,True
train_2017_2018_test_2015_2016,2017_2018,61.5,0.9585551046285103,107,True
train_2017_2018_test_2015_2016,2017_2018,62.0,0.9585551046285103,107,True
train_2017_2018_test_2015_2016,2017_2018,62.5,0.9881916742143755,60,True
train_2017_2018_test_2015_2016,2017_2018,63.0,0.9881916742143755,60,True
train_2017_2018_test_2015_2016,2017_2018,63.5,0.984540250486558,71,True
train_2017_2018_test_2015_2016,2017_2018,64.0,0.984540250486558,71,True
train_2017_2018_test_2015_2016,2017_2018,64.5,0.984540250486558,71,True
train_2017_2018_test_2015_2016,2017_2018,65.0,0.984540250486558,71,True
train_2017_2018_test_2015_2016,2017_2018,65.5,0.9800033663355028,69,True
train_2017_2018_test_2015_2016,2017_2018,66.0,0.9800033663355028,69,True
train_2017_2018_test_2015_2016,2017_2018,66.5,0.9800033663355028,69,True
train_2017_2018_test_2015_2016,2017_2018,67.0,0.9800033663355028,69,True
train_2017_2018_test_2015_2016,2017_2018,67.5,1.0036144059837697,71,True
train_2017_2018_test_2015_2016,2017_2018,68.0,1.0036144059837697,71,True
train_2017_2018_test_2015_2016,2017_2018,68.5,1.0036144059837697,71,True
train_2017_2018_test_2015_2016,2017_2018,69.0,1.0036144059837697,71,True
train_2017_2018_test_2015_2016,2017_2018,69.5,1.0558770419987744,88,True
train_2017_2018_test_2015_2016,2017_2018,70.0,1.0558770419987744,88,True
train_2017_2018_test_2015_2016,2017_2018,70.5,1.0558770419987744,88,True
train_2017_2018_test_2015_2016,2017_2018,71.0,1.0558770419987744,88,True
train_2017_2018_test_2015_2016,2017_2018,71.5,1.0558770419987744,88,True
train_2017_2018_test_2015_2016,2017_2018,72.0,1.0558770419987744,88,True
train_2017_2018_test_2015_2016,2017_2018,72.5,1.191597310265374,76,True
train_2017_2018_test_2015_2016,2017_2018,73.0,1.191597310265374,76,True
train_2017_2018_test_2015_2016,2017_2018,73.5,1.191597310265374,76,True
train_2017_2018_test_2015_2016,2017_2018,74.0,1.191597310265374,76,True
train_2017_2018_test_2015_2016,2017_2018,74.5,1.191597310265374,76,True
train_2017_2018_test_2015_2016,2017_2018,75.0,1.191597310265374,76,True
train_2017_2018_test_2015_2016,2017_2018,75.5,1.3023773473876012,69,True
train_2017_2018_test_2015_2016,2017_2018,76.0,1.3023773473876012,69,True
train_2017_2018_test_2015_2016,2017_2018,76.5,1.3023773473876012,69,True
train_2017_2018_test_2015_2016,2017_2018,77.0,1.3023773473876012,69,True
train_2017_2018_test_2015_2016,2017_2018,77.5,1.3023773473876012,69,True
train_2017_2018_test_2015_2016,2017_2018,78.0,1.3023773473876012,69,True
train_2017_2018_test_2015_2016,2017_2018,78.5,1.3023773473876012,69,True
train_2017_2018_test_2015_2016,2017_2018,79.0,1.3023773473876012,69,True
train_2017_2018_test_2015_2016,2017_2018,79.5,1.63804877912114,151,True
train_2017_2018_test_2015_2016,2017_2018,80.0,1.63804877912114,151,True
